CustomerID,Age,Gender,Vehicle_Age,Vehicle_Type,Annual_Premium,Policy_Sales_Channel,Region_Code,Driving_License,Previously_Insured,Claim
1001,56,Male,<1 year,SUV,52529,80,19,1,0,1
1002,69,Male,2-5 years,Sedan,53635,97,20,1,1,0
1003,46,Male,<1 year,Hatchback,44535,113,36,1,0,0
1004,32,Female,2-5 years,Hatchback,27869,61,35,1,0,1
1005,60,Male,<1 year,Sedan,22166,137,32,1,0,0
1006,25,Male,5+ years,Sedan,27982,6,48,1,0,0
1007,38,Male,2-5 years,Sedan,55697,109,44,1,1,0
1008,56,Female,5+ years,Sedan,53115,35,40,1,0,0
1009,36,Female,2-5 years,SUV,22269,39,24,1,0,0
1010,40,Male,5+ years,Hatchback,43064,150,17,1,0,1
1011,28,Male,<1 year,SUV,28527,169,7,1,0,0
1012,28,Male,<1 year,Hatchback,17454,118,43,1,0,0
1013,41,Male,<1 year,Hatchback,35878,5,1,1,0,0
1014,53,Female,2-5 years,Sedan,27991,170,35,1,0,0
1015,57,Female,5+ years,SUV,17808,87,32,0,0,1
1016,41,Female,<1 year,Sedan,54410,76,36,1,0,0
1017,20,Female,5+ years,SUV,51593,195,13,1,0,1
1018,39,Male,5+ years,Hatchback,51304,158,6,1,0,0
1019,19,Male,<1 year,Sedan,45386,57,14,1,1,0
1020,41,Male,<1 year,Sedan,18802,127,37,1,0,0
1021,61,Female,5+ years,Hatchback,43753,29,48,1,0,0
1022,47,Male,<1 year,Hatchback,36083,165,15,1,0,0
1023,55,Female,<1 year,Hatchback,33354,87,47,1,0,0
1024,19,Female,<1 year,Sedan,37190,141,4,1,1,0
1025,38,Male,2-5 years,SUV,21142,160,40,1,0,1
1026,50,Male,5+ years,Sedan,43398,46,16,1,1,1
1027,29,Male,5+ years,SUV,56862,116,28,1,0,1
1028,39,Female,2-5 years,Sedan,48132,112,16,1,1,0
1029,61,Male,5+ years,Sedan,34503,151,4,1,0,0
1030,42,Female,<1 year,Hatchback,49631,45,45,1,1,1
1031,66,Male,5+ years,SUV,31499,145,26,1,0,0
1032,44,Female,<1 year,Sedan,54852,104,28,1,0,0
1033,59,Female,2-5 years,Sedan,23016,85,32,1,0,0
1034,45,Male,<1 year,Hatchback,17384,194,45,1,0,1
1035,33,Female,5+ years,Hatchback,30072,134,2,1,1,0
1036,32,Female,5+ years,SUV,51703,108,31,1,0,0
1037,64,Male,5+ years,Sedan,29482,18,3,1,0,0
1038,68,Female,2-5 years,SUV,55510,94,8,1,0,0
1039,61,Male,2-5 years,Sedan,36826,150,24,1,0,0
1040,69,Female,5+ years,SUV,17490,33,15,1,0,1
1041,20,Male,<1 year,Hatchback,40518,158,43,1,0,1
1042,54,Male,2-5 years,Sedan,39045,126,31,1,0,0
1043,68,Female,5+ years,SUV,41910,160,9,1,1,1
1044,24,Female,5+ years,Hatchback,39566,170,39,1,0,1
1045,38,Female,2-5 years,Hatchback,48905,122,45,1,0,0
1046,26,Female,2-5 years,SUV,42103,138,2,0,1,0
1047,56,Female,2-5 years,Sedan,51188,115,8,1,0,1
1048,35,Male,<1 year,Sedan,20845,164,7,1,0,0
1049,21,Female,<1 year,Hatchback,36162,162,44,1,0,0
1050,42,Male,5+ years,Sedan,51674,28,39,1,0,1
1051,31,Male,2-5 years,Sedan,34337,11,42,1,0,0
1052,67,Female,<1 year,Sedan,37313,167,16,1,1,0
1053,26,Male,2-5 years,Hatchback,41943,47,35,1,0,0
1054,43,Male,5+ years,SUV,27413,127,30,1,0,0
1055,19,Male,<1 year,Sedan,15276,147,10,1,1,1
1056,37,Male,<1 year,Hatchback,32611,118,38,1,1,0
1057,45,Female,<1 year,Hatchback,54105,143,18,1,0,0
1058,64,Male,5+ years,SUV,26944,126,5,1,0,0
1059,24,Female,2-5 years,Sedan,30906,156,29,1,0,1
1060,61,Female,<1 year,Sedan,35536,152,39,1,1,0
1061,25,Male,5+ years,SUV,42810,72,34,0,1,0
1062,64,Female,2-5 years,SUV,27306,107,43,1,0,1
1063,52,Female,5+ years,Hatchback,25503,137,45,1,0,0
1064,31,Female,2-5 years,Hatchback,34225,175,23,1,0,0
1065,34,Male,5+ years,SUV,51976,33,5,1,1,0
1066,53,Female,2-5 years,Sedan,26590,190,30,1,0,0
1067,67,Female,<1 year,Hatchback,25886,19,6,1,0,0
1068,57,Female,2-5 years,Hatchback,27866,195,46,1,1,0
1069,21,Male,5+ years,Sedan,16088,74,44,0,0,0
1070,19,Female,5+ years,Hatchback,18363,168,4,1,0,1
1071,23,Male,2-5 years,Sedan,47792,175,29,0,0,0
1072,59,Male,<1 year,Sedan,24764,193,23,1,0,0
1073,21,Male,<1 year,Sedan,35620,157,6,1,0,1
1074,46,Male,2-5 years,SUV,57727,178,32,1,0,0
1075,35,Male,2-5 years,SUV,27935,98,42,1,0,0
1076,43,Male,5+ years,SUV,23068,141,18,0,1,0
1077,61,Female,<1 year,Sedan,22295,129,15,1,0,0
1078,51,Male,2-5 years,Sedan,56160,162,40,1,0,0
1079,27,Female,<1 year,SUV,26390,93,32,1,0,1
1080,53,Female,2-5 years,Hatchback,56216,176,9,1,1,0
1081,31,Male,2-5 years,Sedan,35131,48,37,1,1,0
1082,48,Female,<1 year,Hatchback,44218,177,10,1,0,0
1083,65,Female,2-5 years,Hatchback,25433,64,20,1,0,0
1084,32,Female,2-5 years,Sedan,30038,61,6,1,0,0
1085,25,Female,5+ years,Sedan,43182,157,48,1,0,1
1086,31,Male,2-5 years,Hatchback,26528,39,3,1,0,0
1087,40,Female,2-5 years,Hatchback,36281,128,42,1,1,0
1088,57,Male,2-5 years,SUV,23605,88,11,1,1,0
1089,38,Female,5+ years,SUV,49782,26,43,1,0,0
1090,33,Female,<1 year,Sedan,16381,17,17,1,1,1
1091,62,Male,5+ years,SUV,16098,71,32,1,1,0
1092,35,Female,5+ years,SUV,34810,13,4,1,0,0
1093,64,Female,<1 year,SUV,39322,69,4,1,0,1
1094,41,Female,5+ years,SUV,56869,26,17,1,1,0
1095,43,Male,<1 year,Hatchback,47955,49,41,1,0,1
1096,42,Female,5+ years,Sedan,59716,195,19,1,1,1
1097,62,Male,<1 year,SUV,25207,7,5,1,1,1
1098,58,Female,2-5 years,Hatchback,36793,58,32,1,0,1
1099,46,Male,5+ years,Hatchback,17092,49,22,1,1,0
1100,32,Male,5+ years,Hatchback,43220,103,6,1,1,0
1101,62,Female,5+ years,SUV,33514,53,35,0,0,0
1102,18,Female,5+ years,SUV,53010,193,22,1,0,0
1103,42,Male,2-5 years,Sedan,23549,62,1,1,0,0
1104,24,Male,5+ years,SUV,37031,17,20,1,0,1
1105,26,Female,2-5 years,SUV,20185,171,22,1,0,0
1106,41,Male,2-5 years,Hatchback,30271,25,48,1,0,1
1107,18,Female,2-5 years,Sedan,20776,131,11,1,0,0
1108,61,Female,2-5 years,SUV,27449,29,13,1,0,1
1109,25,Female,<1 year,SUV,39297,117,42,1,1,0
1110,41,Female,<1 year,Hatchback,55591,160,3,1,1,1
1111,28,Male,5+ years,Hatchback,30717,26,9,1,1,1
1112,68,Female,<1 year,SUV,55123,124,12,0,0,0
1113,34,Male,<1 year,Sedan,54233,144,23,1,1,0
1114,25,Female,5+ years,Sedan,25350,25,14,1,1,1
1115,52,Male,5+ years,Hatchback,45622,54,33,1,0,1
1116,52,Female,5+ years,Hatchback,50323,156,18,1,0,0
1117,50,Male,<1 year,SUV,17951,73,49,1,0,0
1118,22,Male,<1 year,Hatchback,32622,120,41,1,1,0
1119,59,Female,5+ years,SUV,19727,56,9,1,0,0
1120,56,Female,2-5 years,Sedan,53454,65,23,1,0,1
1121,58,Female,5+ years,Sedan,51469,93,10,1,0,1
1122,45,Female,2-5 years,SUV,50548,86,19,1,0,0
1123,24,Male,2-5 years,Hatchback,38782,80,47,1,0,1
1124,26,Female,5+ years,Sedan,43454,169,5,1,0,1
1125,25,Male,5+ years,Hatchback,17368,108,47,1,0,1
1126,29,Male,5+ years,Sedan,30592,179,23,1,1,0
1127,51,Female,<1 year,SUV,37173,118,30,1,0,0
1128,50,Male,2-5 years,SUV,48204,199,25,1,0,0
1129,65,Male,<1 year,SUV,50596,157,28,1,0,0
1130,40,Male,<1 year,Sedan,49324,83,34,1,0,0
1131,41,Male,5+ years,Hatchback,38864,147,45,1,0,0
1132,54,Female,<1 year,Hatchback,45750,194,48,1,0,0
1133,52,Female,5+ years,Hatchback,25576,169,47,1,1,0
1134,61,Female,2-5 years,Sedan,31566,173,25,1,1,0
1135,57,Female,5+ years,Sedan,22190,15,10,1,1,1
1136,39,Male,<1 year,Sedan,38071,131,14,0,0,1
1137,44,Male,<1 year,Sedan,53333,139,42,1,0,1
1138,52,Female,5+ years,Sedan,30369,181,46,1,1,1
1139,18,Female,5+ years,Hatchback,39035,174,30,1,0,1
1140,52,Female,<1 year,Sedan,16589,30,41,1,0,0
1141,54,Male,2-5 years,Sedan,40235,57,25,1,0,0
1142,64,Female,2-5 years,Hatchback,15159,146,14,1,0,1
1143,31,Female,5+ years,Sedan,27145,179,35,1,0,1
1144,20,Female,2-5 years,Hatchback,30373,128,48,1,1,0
1145,18,Male,<1 year,Hatchback,46921,48,34,1,0,0
1146,22,Male,5+ years,SUV,54323,194,10,1,0,0
1147,43,Male,<1 year,SUV,31237,136,35,1,1,0
1148,31,Male,<1 year,SUV,56971,22,11,1,1,0
1149,56,Male,2-5 years,SUV,23244,6,11,1,0,0
1150,44,Male,5+ years,Sedan,29743,185,21,1,0,0
1151,26,Male,5+ years,SUV,46566,104,21,1,1,0
1152,32,Male,2-5 years,Hatchback,33691,36,22,1,1,0
1153,32,Female,<1 year,Sedan,48996,79,45,1,0,0
1154,43,Female,<1 year,SUV,20590,116,7,1,1,1
1155,59,Male,<1 year,Hatchback,20585,57,17,1,0,0
1156,30,Male,<1 year,Sedan,24227,49,2,1,0,1
1157,68,Female,5+ years,Sedan,43278,173,12,1,0,1
1158,49,Male,5+ years,SUV,53814,82,42,1,0,0
1159,56,Male,2-5 years,Sedan,27237,66,18,1,1,0
1160,66,Male,2-5 years,Hatchback,30649,77,11,1,0,0
1161,69,Female,5+ years,Sedan,52713,45,16,1,0,0
1162,49,Female,5+ years,Hatchback,22927,79,49,1,0,1
1163,21,Female,<1 year,Sedan,22016,20,18,1,0,0
1164,47,Female,<1 year,SUV,29027,192,35,1,0,1
1165,54,Female,2-5 years,Hatchback,39142,123,26,1,0,0
1166,40,Male,5+ years,Sedan,38545,67,16,1,0,0
1167,56,Female,2-5 years,Sedan,46897,83,6,1,1,0
1168,62,Male,5+ years,Sedan,18167,3,44,1,0,0
1169,32,Male,<1 year,Hatchback,59757,182,43,1,0,0
1170,60,Female,2-5 years,Hatchback,41917,64,47,1,1,1
1171,46,Female,2-5 years,Hatchback,37736,40,47,1,0,0
1172,53,Male,5+ years,SUV,42990,59,48,1,0,0
1173,30,Male,<1 year,SUV,29087,183,42,1,1,0
1174,49,Male,2-5 years,Hatchback,37440,62,12,1,0,0
1175,24,Female,<1 year,Sedan,50205,132,13,1,0,1
1176,68,Female,2-5 years,SUV,30275,60,4,1,0,1
1177,39,Female,<1 year,Hatchback,20276,116,39,1,0,0
1178,45,Female,5+ years,Sedan,56627,75,2,1,1,1
1179,19,Female,2-5 years,SUV,55586,122,26,1,0,1
1180,59,Male,2-5 years,Sedan,52496,107,27,1,1,0
1181,62,Female,<1 year,Sedan,34008,96,27,1,1,0
1182,23,Male,<1 year,Sedan,20738,91,15,1,0,1
1183,45,Male,2-5 years,Sedan,47402,158,8,1,0,0
1184,45,Male,5+ years,SUV,20793,130,7,1,0,0
1185,61,Female,<1 year,SUV,52291,62,47,1,0,0
1186,61,Female,<1 year,SUV,20571,49,46,1,0,0
1187,37,Female,<1 year,Hatchback,46331,137,40,1,1,0
1188,47,Male,2-5 years,SUV,31209,92,12,1,1,0
1189,28,Male,2-5 years,Sedan,40394,159,13,1,0,0
1190,45,Male,2-5 years,SUV,58148,124,43,1,0,0
1191,42,Male,2-5 years,Sedan,40682,61,17,1,1,0
1192,56,Male,5+ years,Hatchback,17224,48,17,1,0,0
1193,50,Male,5+ years,Sedan,56157,153,36,1,1,0
1194,18,Female,2-5 years,Sedan,59452,164,21,1,0,0
1195,44,Female,5+ years,Sedan,58408,136,8,1,0,1
1196,69,Female,<1 year,Hatchback,47441,58,5,1,1,0
1197,30,Female,<1 year,SUV,56430,101,26,1,0,0
1198,58,Male,<1 year,SUV,54129,112,16,0,1,0
1199,20,Male,2-5 years,Hatchback,49716,173,36,1,1,1
1200,56,Female,<1 year,Sedan,59859,62,28,1,0,1
1201,23,Male,5+ years,SUV,41586,39,29,1,0,0
1202,25,Female,2-5 years,Hatchback,59760,58,47,1,1,0
1203,44,Female,5+ years,SUV,38478,99,12,1,1,0
1204,26,Female,<1 year,Hatchback,21318,192,37,1,0,0
1205,54,Male,<1 year,Sedan,43694,44,30,1,1,0
1206,50,Female,<1 year,SUV,35180,29,23,1,0,0
1207,68,Female,2-5 years,Hatchback,27180,59,16,1,0,0
1208,59,Female,5+ years,SUV,48002,71,14,1,1,0
1209,61,Male,2-5 years,SUV,30372,92,10,1,0,0
1210,41,Male,2-5 years,SUV,44796,9,7,1,1,0
1211,32,Female,<1 year,SUV,39427,127,45,1,0,0
1212,49,Male,2-5 years,Hatchback,48290,134,37,1,0,0
1213,49,Male,2-5 years,Sedan,43099,157,29,1,0,0
1214,41,Male,<1 year,Hatchback,24821,186,3,1,0,0
1215,58,Male,2-5 years,Hatchback,20832,145,15,0,0,0
1216,69,Male,<1 year,Hatchback,27820,144,36,1,0,0
1217,66,Male,<1 year,Sedan,31211,131,47,1,0,0
1218,66,Male,<1 year,SUV,54890,21,46,1,0,0
1219,69,Male,<1 year,SUV,20842,64,19,1,0,0
1220,29,Male,2-5 years,SUV,16316,90,13,1,1,0
1221,56,Male,<1 year,Sedan,32508,36,42,1,0,0
1222,19,Female,<1 year,SUV,37005,62,21,0,0,0
1223,20,Female,2-5 years,Sedan,30206,170,37,1,0,1
1224,66,Male,2-5 years,SUV,33971,76,27,1,0,0
1225,54,Female,5+ years,SUV,40599,170,29,1,0,0
1226,66,Female,2-5 years,Hatchback,37056,189,20,1,0,0
1227,34,Male,2-5 years,Sedan,16378,13,25,1,0,1
1228,66,Male,5+ years,Hatchback,16519,11,6,1,1,0
1229,19,Male,2-5 years,Hatchback,37161,54,36,1,1,0
1230,19,Female,2-5 years,Hatchback,55703,16,2,1,0,1
1231,45,Female,2-5 years,Sedan,53861,8,22,1,0,0
1232,40,Male,2-5 years,Sedan,20355,104,32,1,0,1
1233,54,Male,5+ years,SUV,24083,59,16,1,0,0
1234,49,Male,2-5 years,Hatchback,53342,57,18,1,0,1
1235,50,Female,2-5 years,SUV,35456,40,5,1,0,0
1236,18,Female,5+ years,Hatchback,28324,187,36,1,0,0
1237,36,Female,<1 year,Sedan,17257,130,30,1,0,1
1238,19,Female,5+ years,Sedan,42364,94,45,1,0,1
1239,61,Male,<1 year,Sedan,39972,138,19,1,0,0
1240,43,Male,5+ years,Hatchback,41654,44,23,1,0,0
1241,49,Male,5+ years,Sedan,30233,139,34,1,0,0
1242,23,Male,2-5 years,Hatchback,30887,80,13,1,0,0
1243,49,Female,<1 year,SUV,44320,81,43,1,0,0
1244,21,Female,2-5 years,Hatchback,35808,2,29,1,0,1
1245,28,Male,<1 year,SUV,45154,178,36,1,0,1
1246,34,Male,5+ years,Hatchback,49773,140,22,1,0,1
1247,55,Female,5+ years,SUV,42747,115,47,1,0,0
1248,41,Male,<1 year,Sedan,25860,90,36,1,0,0
1249,22,Female,2-5 years,SUV,57838,23,9,1,0,0
1250,69,Male,2-5 years,Sedan,57156,146,39,1,0,0
1251,51,Male,2-5 years,Sedan,33156,62,19,1,0,1
1252,23,Male,2-5 years,SUV,35360,113,38,1,0,1
1253,39,Male,5+ years,Hatchback,33135,128,6,1,1,0
1254,28,Male,5+ years,Hatchback,40351,62,47,1,0,1
1255,65,Male,5+ years,Hatchback,45499,38,15,1,0,1
1256,33,Male,5+ years,Hatchback,38554,195,20,1,1,0
1257,50,Female,5+ years,Hatchback,34604,166,9,1,1,0
1258,26,Female,2-5 years,Sedan,31923,195,32,1,0,0
1259,23,Female,2-5 years,Hatchback,23547,61,4,0,0,0
1260,33,Female,2-5 years,Sedan,59283,129,18,1,0,0
1261,46,Female,2-5 years,Sedan,48002,173,5,0,0,0
1262,20,Male,5+ years,Sedan,29562,156,20,1,0,0
1263,37,Male,5+ years,SUV,22480,149,23,1,0,0
1264,53,Female,5+ years,SUV,41672,122,11,1,0,0
1265,36,Male,<1 year,Sedan,19213,110,37,1,1,1
1266,43,Female,2-5 years,SUV,25293,13,22,1,1,1
1267,20,Female,2-5 years,Hatchback,49441,155,4,1,0,1
1268,36,Male,5+ years,Hatchback,17100,100,29,1,0,0
1269,37,Male,2-5 years,Sedan,59617,135,44,1,0,0
1270,49,Male,2-5 years,Hatchback,43172,22,34,1,1,1
1271,24,Female,5+ years,Sedan,35132,74,13,1,0,0
1272,69,Male,<1 year,Sedan,33199,181,42,1,0,0
1273,58,Female,<1 year,Hatchback,51609,132,9,1,0,0
1274,50,Female,<1 year,SUV,57965,23,42,1,0,1
1275,57,Female,5+ years,Hatchback,23016,119,31,1,0,0
1276,56,Male,2-5 years,Hatchback,54779,70,7,0,1,1
1277,35,Male,5+ years,Sedan,52261,84,4,1,0,0
1278,57,Female,5+ years,Sedan,46881,101,19,1,0,0
1279,18,Male,2-5 years,Sedan,32058,84,42,1,0,0
1280,28,Male,<1 year,Sedan,39472,161,30,1,0,0
1281,45,Male,<1 year,SUV,56346,28,31,1,1,0
1282,42,Female,5+ years,SUV,49926,136,35,1,1,1
1283,67,Female,<1 year,SUV,49832,1,21,1,1,0
1284,40,Male,5+ years,Sedan,51021,165,31,1,1,0
1285,48,Female,5+ years,Sedan,39087,63,19,1,0,0
1286,47,Male,2-5 years,Sedan,27828,22,31,1,0,0
1287,59,Male,2-5 years,SUV,46128,70,32,1,0,0
1288,52,Male,2-5 years,Sedan,16401,125,2,1,1,0
1289,24,Male,5+ years,Hatchback,34643,149,10,1,0,1
1290,33,Female,2-5 years,Hatchback,30193,96,2,1,0,0
1291,43,Female,<1 year,Sedan,41853,163,2,1,1,0
1292,65,Female,<1 year,Hatchback,59864,79,24,1,0,0
1293,69,Male,5+ years,Hatchback,35307,5,17,1,0,0
1294,66,Male,5+ years,SUV,51982,60,32,1,0,1
1295,19,Male,2-5 years,Sedan,34611,120,16,1,0,0
1296,18,Female,5+ years,Sedan,58791,46,16,1,0,1
1297,65,Male,5+ years,SUV,26950,178,46,1,1,0
1298,29,Female,<1 year,Hatchback,25704,176,39,1,0,0
1299,22,Female,<1 year,Hatchback,58111,134,31,1,1,1
1300,54,Female,2-5 years,Sedan,26867,56,43,1,0,0
1301,49,Female,5+ years,Hatchback,17745,110,24,1,0,0
1302,26,Female,5+ years,SUV,18866,187,1,1,1,0
1303,58,Female,<1 year,SUV,47245,157,11,1,0,1
1304,52,Male,5+ years,Sedan,59724,199,21,0,0,0
1305,36,Male,<1 year,SUV,20818,104,4,1,1,0
1306,65,Female,2-5 years,SUV,45116,77,7,0,0,0
1307,33,Female,<1 year,Sedan,30493,146,26,1,0,0
1308,20,Male,5+ years,SUV,43038,2,47,1,0,1
1309,37,Female,2-5 years,SUV,35447,8,12,1,0,0
1310,41,Female,<1 year,SUV,45431,75,31,1,0,0
1311,50,Male,<1 year,Hatchback,32908,182,17,1,0,1
1312,41,Female,2-5 years,Sedan,44336,125,33,1,1,0
1313,69,Female,2-5 years,Sedan,55992,38,11,1,1,0
1314,28,Female,<1 year,Sedan,19025,176,28,1,0,0
1315,66,Male,5+ years,Hatchback,35093,27,32,1,0,0
1316,25,Male,<1 year,Hatchback,21155,20,1,1,0,0
1317,53,Male,2-5 years,Sedan,48487,140,47,1,0,0
1318,55,Female,<1 year,Hatchback,35963,43,28,1,0,0
1319,57,Female,2-5 years,Sedan,35936,189,42,0,1,0
1320,37,Male,2-5 years,Hatchback,19426,31,7,1,1,0
1321,52,Female,5+ years,SUV,38303,91,2,1,0,0
1322,65,Female,2-5 years,SUV,42606,61,42,1,0,0
1323,42,Female,2-5 years,Sedan,43151,195,24,1,0,1
1324,52,Female,5+ years,Hatchback,28767,109,4,1,0,0
1325,42,Female,2-5 years,Hatchback,26308,91,44,1,0,0
1326,46,Male,5+ years,SUV,59245,163,19,1,1,0
1327,35,Female,5+ years,SUV,39770,95,26,1,0,1
1328,63,Male,2-5 years,Hatchback,43572,143,11,1,1,1
1329,35,Female,2-5 years,Hatchback,56448,144,40,1,0,0
1330,19,Male,<1 year,Hatchback,17204,13,43,1,0,0
1331,52,Female,5+ years,Hatchback,42233,113,11,1,0,0
1332,33,Male,<1 year,Hatchback,36729,35,45,1,0,0
1333,58,Female,2-5 years,Hatchback,46131,187,3,1,0,0
1334,53,Male,<1 year,Sedan,48870,149,12,1,0,1
1335,50,Female,5+ years,Hatchback,53011,182,3,1,1,0
1336,21,Male,<1 year,SUV,54382,158,42,1,0,0
1337,50,Female,5+ years,Sedan,56475,48,27,1,0,0
1338,31,Male,2-5 years,Hatchback,36607,35,49,1,1,0
1339,38,Male,2-5 years,SUV,39968,86,2,1,1,1
1340,65,Female,5+ years,Sedan,48398,166,49,1,1,1
1341,37,Female,2-5 years,SUV,26908,159,16,1,0,0
1342,25,Male,2-5 years,Hatchback,41423,152,2,1,1,0
1343,24,Female,2-5 years,Hatchback,58615,114,30,1,0,1
1344,20,Male,2-5 years,Hatchback,24171,177,20,1,0,1
1345,34,Male,5+ years,Hatchback,27721,100,38,1,0,0
1346,50,Male,<1 year,Sedan,31616,160,28,1,0,0
1347,65,Female,<1 year,Sedan,57512,183,25,1,0,1
1348,29,Male,2-5 years,SUV,53458,186,32,1,0,1
1349,68,Male,<1 year,Hatchback,22659,99,10,1,0,1
1350,39,Female,<1 year,SUV,58369,3,42,1,0,0
1351,39,Female,2-5 years,Sedan,26704,197,40,1,0,1
1352,63,Female,2-5 years,Hatchback,47793,85,33,1,1,0
1353,47,Female,<1 year,Hatchback,46226,125,13,1,1,0
1354,55,Male,5+ years,Sedan,38852,138,41,1,0,0
1355,55,Male,2-5 years,Sedan,47082,83,42,1,1,1
1356,62,Male,5+ years,Sedan,37794,25,47,1,0,0
1357,68,Male,<1 year,Sedan,56420,68,37,1,0,0
1358,25,Female,2-5 years,Sedan,28379,61,16,1,0,1
1359,44,Male,5+ years,Hatchback,22006,29,45,1,0,0
1360,44,Male,2-5 years,Sedan,23682,127,22,1,1,0
1361,51,Female,<1 year,Hatchback,48840,19,20,1,0,1
1362,38,Male,5+ years,Hatchback,47430,171,43,1,0,0
1363,47,Male,<1 year,Sedan,38091,194,27,1,0,0
1364,50,Male,<1 year,Sedan,47983,74,41,1,0,0
1365,45,Male,2-5 years,Hatchback,38989,61,16,1,1,0
1366,64,Male,5+ years,Sedan,24915,171,34,1,1,0
1367,50,Male,<1 year,Sedan,57552,153,32,1,0,0
1368,22,Female,<1 year,Sedan,33990,20,26,1,1,0
1369,65,Female,5+ years,SUV,39734,48,25,1,0,0
1370,36,Male,<1 year,Hatchback,29824,87,2,1,1,1
1371,21,Male,<1 year,SUV,51081,152,12,1,0,0
1372,52,Female,5+ years,Sedan,26033,139,40,1,0,0
1373,66,Male,5+ years,SUV,57736,110,9,1,0,0
1374,34,Male,5+ years,Sedan,31241,183,12,1,0,0
1375,61,Male,5+ years,SUV,20939,28,26,1,0,0
1376,45,Female,2-5 years,Sedan,50063,197,9,1,0,0
1377,47,Male,5+ years,SUV,49464,191,10,1,0,1
1378,46,Female,2-5 years,SUV,26185,59,32,1,1,0
1379,63,Male,2-5 years,SUV,42045,133,34,1,0,0
1380,23,Female,2-5 years,Hatchback,59769,51,48,1,0,0
1381,52,Female,<1 year,SUV,34167,149,20,1,0,0
1382,58,Male,2-5 years,Hatchback,51412,12,39,1,1,0
1383,54,Female,2-5 years,Sedan,36625,50,2,1,0,0
1384,41,Male,<1 year,SUV,54188,132,1,1,1,0
1385,46,Female,<1 year,Sedan,42076,113,36,1,1,0
1386,66,Male,<1 year,Sedan,59605,170,24,1,0,0
1387,63,Male,5+ years,SUV,34029,166,27,1,0,0
1388,48,Female,<1 year,Hatchback,37973,153,2,1,0,0
1389,52,Male,<1 year,SUV,54121,14,31,1,0,0
1390,50,Male,2-5 years,Sedan,46433,32,14,1,1,1
1391,69,Female,<1 year,Sedan,58309,139,2,1,1,0
1392,38,Male,5+ years,SUV,16932,189,29,1,0,0
1393,49,Male,<1 year,Hatchback,59254,146,15,1,0,1
1394,40,Female,5+ years,Hatchback,16757,155,12,1,1,0
1395,50,Female,<1 year,Sedan,45722,55,37,1,0,0
1396,20,Male,<1 year,Sedan,52853,182,28,1,0,0
1397,35,Male,<1 year,Hatchback,53405,120,20,1,0,0
1398,42,Female,<1 year,SUV,16116,75,39,1,0,1
1399,59,Female,5+ years,Sedan,58527,21,24,1,1,1
1400,48,Male,5+ years,Hatchback,26691,172,21,1,0,0
1401,20,Female,2-5 years,Sedan,15492,133,10,1,0,1
1402,57,Male,5+ years,SUV,42882,87,46,1,1,0
1403,63,Male,<1 year,Hatchback,23811,169,14,1,0,0
1404,41,Male,2-5 years,Sedan,42808,59,37,1,1,0
1405,67,Male,2-5 years,SUV,39272,89,18,1,0,0
1406,49,Male,2-5 years,Sedan,43399,182,24,1,0,0
1407,64,Female,<1 year,SUV,21474,150,14,1,1,0
1408,39,Female,5+ years,SUV,41956,83,34,1,0,0
1409,40,Female,<1 year,Hatchback,57506,65,12,1,0,0
1410,19,Female,2-5 years,SUV,28979,64,22,1,0,1
1411,44,Male,<1 year,Sedan,59523,71,6,1,0,0
1412,59,Male,<1 year,SUV,57565,4,36,1,0,1
1413,19,Male,5+ years,SUV,43328,193,45,1,1,0
1414,43,Male,5+ years,Hatchback,27867,143,36,1,1,0
1415,34,Female,2-5 years,SUV,40851,104,22,1,1,0
1416,57,Male,<1 year,SUV,46279,150,14,1,0,0
1417,50,Male,<1 year,Sedan,45527,175,16,1,0,0
1418,26,Female,5+ years,Hatchback,22866,93,36,1,0,1
1419,60,Female,<1 year,Hatchback,30449,174,25,1,1,0
1420,65,Female,<1 year,Hatchback,25685,142,32,1,0,0
1421,56,Female,<1 year,SUV,38544,178,33,1,0,0
1422,46,Male,5+ years,Hatchback,20451,148,45,0,1,0
1423,59,Male,2-5 years,SUV,36642,178,36,1,0,0
1424,43,Female,2-5 years,SUV,56316,112,20,1,0,1
1425,52,Male,<1 year,Sedan,54954,161,18,1,1,0
1426,67,Male,2-5 years,Sedan,53870,119,38,1,1,0
1427,42,Male,5+ years,Sedan,46030,59,3,1,0,0
1428,41,Female,5+ years,Sedan,45873,43,23,1,0,0
1429,30,Male,2-5 years,Sedan,15619,12,32,1,1,0
1430,24,Female,2-5 years,SUV,48650,40,45,1,0,0
1431,53,Male,<1 year,SUV,40372,118,16,1,0,0
1432,62,Male,2-5 years,Hatchback,18642,20,5,1,0,0
1433,37,Male,<1 year,SUV,43001,166,4,1,0,0
1434,18,Female,<1 year,SUV,49064,131,21,1,0,0
1435,25,Male,5+ years,Sedan,44290,156,40,1,0,0
1436,63,Female,5+ years,SUV,29122,184,14,1,0,0
1437,33,Female,5+ years,Sedan,39820,90,39,1,0,0
1438,31,Female,5+ years,Hatchback,17895,94,31,1,1,0
1439,29,Male,2-5 years,Hatchback,20366,13,14,1,1,0
1440,68,Male,5+ years,SUV,23711,66,6,1,1,1
1441,40,Male,2-5 years,Hatchback,34596,37,12,1,0,1
1442,32,Male,5+ years,SUV,33793,177,16,1,0,0
1443,45,Female,2-5 years,Hatchback,23199,66,17,1,0,0
1444,51,Female,<1 year,Sedan,25717,36,45,1,1,0
1445,19,Female,2-5 years,Sedan,51191,182,23,1,0,0
1446,49,Male,2-5 years,Sedan,25211,26,14,1,0,0
1447,40,Female,5+ years,Sedan,38360,75,7,1,1,1
1448,39,Male,2-5 years,SUV,36542,108,46,1,0,1
1449,68,Female,<1 year,Hatchback,46312,168,32,1,0,1
1450,42,Male,<1 year,SUV,51435,43,15,1,1,0
1451,39,Male,5+ years,Sedan,43247,150,44,0,1,0
1452,39,Female,<1 year,SUV,37357,148,17,1,0,0
1453,66,Female,2-5 years,Hatchback,56045,8,41,1,1,0
1454,69,Female,<1 year,SUV,42691,29,47,0,0,0
1455,59,Female,5+ years,Hatchback,27424,40,44,1,1,0
1456,23,Male,2-5 years,SUV,33852,158,34,1,0,0
1457,32,Female,5+ years,Hatchback,37601,128,5,1,0,1
1458,60,Female,2-5 years,Hatchback,33020,84,45,1,0,1
1459,54,Female,<1 year,Sedan,23155,116,27,1,1,1
1460,50,Male,5+ years,Hatchback,18583,183,23,1,0,1
1461,25,Male,5+ years,Sedan,30515,144,40,1,0,0
1462,61,Female,2-5 years,Sedan,51777,174,14,1,0,0
1463,61,Male,5+ years,Sedan,34710,62,15,1,1,0
1464,22,Female,2-5 years,SUV,58178,7,43,1,0,1
1465,56,Male,2-5 years,SUV,39532,45,33,1,0,1
1466,21,Male,2-5 years,SUV,33601,187,31,0,0,1
1467,23,Male,2-5 years,SUV,19967,184,35,1,0,0
1468,62,Male,<1 year,Hatchback,33753,176,17,1,0,0
1469,49,Female,2-5 years,Hatchback,35022,155,28,1,0,0
1470,69,Female,5+ years,SUV,58463,181,19,1,0,0
1471,47,Female,<1 year,Hatchback,24135,88,46,1,0,1
1472,64,Male,5+ years,Hatchback,20722,73,23,1,1,0
1473,52,Female,<1 year,Sedan,42413,163,32,1,0,0
1474,57,Female,2-5 years,Sedan,42236,179,40,1,0,0
1475,69,Female,<1 year,Sedan,30514,37,13,1,1,0
1476,33,Male,<1 year,Sedan,58896,119,20,1,0,0
1477,30,Male,5+ years,Hatchback,52212,57,35,1,1,1
1478,67,Male,5+ years,SUV,55386,8,5,1,0,0
1479,59,Female,2-5 years,Hatchback,35331,95,9,1,0,0
1480,47,Female,<1 year,Hatchback,33060,117,29,1,0,0
1481,36,Female,<1 year,Hatchback,16196,110,6,1,1,0
1482,34,Male,<1 year,Sedan,27297,20,25,0,0,1
1483,36,Male,2-5 years,Sedan,17787,124,31,1,0,0
1484,45,Female,2-5 years,Sedan,38816,53,22,1,1,0
1485,43,Male,2-5 years,SUV,55695,119,2,1,0,0
1486,54,Male,2-5 years,Hatchback,34702,12,45,1,0,0
1487,43,Male,2-5 years,SUV,40242,177,5,1,0,0
1488,40,Male,5+ years,Sedan,17176,17,27,1,1,0
1489,26,Female,<1 year,SUV,35127,64,25,1,0,1
1490,29,Male,<1 year,Hatchback,56560,42,8,1,0,0
1491,18,Male,<1 year,Hatchback,42228,94,1,1,0,0
1492,18,Male,<1 year,Sedan,35208,157,20,1,0,0
1493,64,Male,<1 year,Sedan,43482,147,44,1,1,0
1494,51,Female,<1 year,SUV,24171,11,23,1,1,1
1495,49,Female,<1 year,Sedan,50219,98,32,1,1,0
1496,65,Male,<1 year,Sedan,48396,178,11,1,1,0
1497,42,Male,5+ years,Hatchback,57589,71,39,1,0,1
1498,57,Male,<1 year,Sedan,55546,108,47,1,0,0
1499,62,Male,5+ years,Sedan,18696,58,24,1,1,0
1500,18,Male,2-5 years,Hatchback,35058,34,11,1,0,1
1501,33,Male,<1 year,Hatchback,35313,20,29,1,0,0
1502,56,Female,2-5 years,SUV,34149,50,26,1,1,0
1503,22,Male,2-5 years,Sedan,56075,102,16,1,0,1
1504,39,Female,2-5 years,Hatchback,19956,138,35,1,1,0
1505,46,Female,5+ years,SUV,25195,160,20,1,0,1
1506,20,Male,2-5 years,SUV,32076,52,46,1,0,1
1507,29,Female,2-5 years,Sedan,16105,15,3,1,0,0
1508,43,Female,2-5 years,Sedan,30417,84,1,1,0,0
1509,33,Female,<1 year,SUV,39729,131,47,1,1,1
1510,68,Female,<1 year,Hatchback,45099,37,1,1,0,0
1511,54,Female,5+ years,SUV,47598,126,17,1,0,0
1512,39,Female,5+ years,Sedan,44961,40,2,1,0,0
1513,46,Male,<1 year,Hatchback,27602,72,29,1,0,0
1514,31,Female,5+ years,Hatchback,24256,40,20,1,0,1
1515,45,Female,<1 year,SUV,35584,56,6,1,1,0
1516,22,Female,2-5 years,Sedan,49681,151,8,1,0,1
1517,64,Male,2-5 years,SUV,40792,104,29,1,1,0
1518,66,Female,5+ years,SUV,36904,139,48,1,1,0
1519,47,Male,<1 year,SUV,58361,110,33,1,0,1
1520,63,Female,<1 year,Hatchback,49540,192,3,1,0,0
1521,69,Male,5+ years,Hatchback,41536,136,35,1,1,0
1522,22,Male,<1 year,Sedan,34164,93,5,1,0,0
1523,29,Female,2-5 years,Sedan,27996,94,27,1,0,1
1524,33,Female,5+ years,SUV,17871,56,44,1,0,0
1525,43,Male,5+ years,SUV,37626,60,12,1,1,0
1526,43,Female,<1 year,SUV,25521,138,20,1,1,0
1527,65,Male,5+ years,Sedan,58410,39,45,1,1,0
1528,38,Male,<1 year,Hatchback,16132,28,20,1,0,0
1529,56,Male,<1 year,Hatchback,48467,49,9,1,0,0
1530,53,Male,<1 year,SUV,29534,164,39,1,0,0
1531,50,Male,<1 year,SUV,38854,125,4,1,0,1
1532,47,Female,<1 year,SUV,57998,13,19,1,0,0
1533,54,Male,5+ years,SUV,54065,36,38,1,1,0
1534,40,Male,2-5 years,Sedan,22812,101,27,1,1,0
1535,27,Female,2-5 years,Hatchback,19557,26,45,1,0,1
1536,22,Male,5+ years,SUV,17179,86,43,1,0,0
1537,53,Female,5+ years,Sedan,58798,4,13,1,0,1
1538,51,Female,2-5 years,SUV,24065,82,13,1,0,0
1539,69,Female,2-5 years,SUV,23275,192,22,1,1,0
1540,48,Male,2-5 years,Hatchback,50948,166,28,1,1,1
1541,27,Male,2-5 years,SUV,35700,127,47,1,0,1
1542,36,Male,2-5 years,Hatchback,54464,88,45,1,0,0
1543,49,Female,<1 year,Hatchback,57351,127,22,1,0,0
1544,18,Male,5+ years,Hatchback,42794,120,43,1,0,1
1545,22,Female,<1 year,Sedan,43783,22,19,1,0,1
1546,62,Male,2-5 years,Sedan,31998,130,8,1,0,0
1547,21,Female,2-5 years,Hatchback,28869,31,8,0,0,0
1548,33,Male,2-5 years,SUV,59525,119,42,1,1,1
1549,41,Male,<1 year,Hatchback,43152,11,26,1,0,0
1550,33,Male,<1 year,SUV,35954,46,48,1,0,0
1551,19,Female,2-5 years,Hatchback,46555,96,26,1,0,0
1552,66,Female,<1 year,SUV,31654,190,23,1,0,0
1553,45,Male,<1 year,Sedan,50236,197,43,1,0,0
1554,49,Male,2-5 years,SUV,30042,192,13,1,0,0
1555,44,Female,<1 year,Hatchback,40966,10,28,1,0,1
1556,37,Female,5+ years,Sedan,59314,168,9,1,0,0
1557,41,Female,5+ years,SUV,29270,128,20,1,1,0
1558,29,Male,5+ years,SUV,45908,152,19,1,0,1
1559,67,Female,5+ years,SUV,30523,99,48,1,1,0
1560,52,Male,2-5 years,SUV,34991,172,39,1,0,0
1561,50,Female,2-5 years,SUV,25775,112,12,1,0,0
1562,50,Male,2-5 years,Sedan,27265,60,15,1,0,1
1563,68,Female,5+ years,Sedan,34459,190,31,1,0,0
1564,60,Female,5+ years,Sedan,31673,87,14,1,1,0
1565,54,Female,<1 year,Sedan,42056,145,11,1,1,0
1566,29,Female,<1 year,Hatchback,21614,65,26,1,1,1
1567,20,Female,5+ years,Sedan,51020,57,42,1,1,0
1568,18,Male,5+ years,SUV,22415,183,27,1,0,0
1569,50,Female,5+ years,SUV,38155,106,11,1,0,0
1570,57,Female,5+ years,Sedan,58884,181,38,1,0,1
1571,27,Female,<1 year,SUV,31964,184,34,0,1,0
1572,60,Male,5+ years,Sedan,52726,9,43,0,1,0
1573,61,Female,<1 year,SUV,52044,22,19,1,0,0
1574,46,Male,5+ years,Hatchback,52544,141,6,1,1,0
1575,30,Female,5+ years,Hatchback,47252,89,46,1,0,0
1576,29,Female,5+ years,Sedan,18832,176,38,1,0,0
1577,48,Male,<1 year,Sedan,40275,18,49,1,0,0
1578,63,Female,<1 year,Sedan,29901,115,42,1,0,0
1579,19,Male,2-5 years,SUV,53213,168,28,1,1,0
1580,68,Male,5+ years,Sedan,49148,145,1,1,0,0
1581,67,Female,2-5 years,Hatchback,57633,143,35,1,0,1
1582,52,Male,2-5 years,SUV,37918,106,40,1,0,1
1583,40,Female,<1 year,Sedan,34540,15,8,1,0,0
1584,34,Female,<1 year,SUV,26580,63,47,1,0,0
1585,43,Male,2-5 years,SUV,53402,167,7,1,0,0
1586,25,Male,5+ years,Sedan,53578,13,11,1,0,0
1587,46,Male,<1 year,SUV,39917,81,39,1,0,0
1588,43,Male,5+ years,Hatchback,37318,32,4,1,0,0
1589,27,Female,5+ years,Hatchback,25179,137,25,1,1,0
1590,43,Female,2-5 years,SUV,27251,40,12,1,0,1
1591,51,Male,2-5 years,Sedan,34493,148,26,1,0,0
1592,68,Female,2-5 years,SUV,35466,82,38,1,0,0
1593,58,Female,2-5 years,Hatchback,45206,77,46,1,0,0
1594,24,Female,<1 year,SUV,34624,191,12,1,0,0
1595,21,Female,<1 year,SUV,41564,76,43,1,1,0
1596,67,Male,2-5 years,Hatchback,37412,172,37,1,1,0
1597,62,Male,<1 year,SUV,42990,38,46,1,1,0
1598,28,Female,2-5 years,SUV,50517,188,24,1,0,0
1599,46,Male,5+ years,Sedan,28156,71,16,1,0,0
1600,53,Male,5+ years,Sedan,38064,48,13,1,1,0
1601,42,Male,5+ years,Hatchback,40711,18,25,1,0,0
1602,38,Female,2-5 years,Hatchback,45106,144,4,1,0,0
1603,53,Female,5+ years,Hatchback,31589,183,11,1,1,1
1604,27,Female,<1 year,Sedan,38736,39,32,1,0,0
1605,54,Male,5+ years,Hatchback,35975,196,49,1,0,0
1606,26,Female,5+ years,Hatchback,51218,187,7,1,0,0
1607,41,Female,5+ years,Hatchback,22214,89,46,1,0,1
1608,52,Male,<1 year,Sedan,45581,62,11,1,0,1
1609,66,Female,2-5 years,SUV,35195,141,28,1,0,0
1610,52,Female,<1 year,Hatchback,59582,109,41,1,0,0
1611,65,Male,2-5 years,SUV,42127,81,23,1,0,0
1612,53,Male,2-5 years,Hatchback,20141,134,45,1,0,0
1613,35,Male,5+ years,SUV,43884,77,23,1,1,0
1614,66,Female,2-5 years,Sedan,39885,188,28,1,0,0
1615,56,Female,<1 year,Sedan,17708,90,43,1,0,0
1616,49,Female,<1 year,Hatchback,33375,14,47,1,0,0
1617,41,Male,2-5 years,SUV,30088,95,26,1,1,0
1618,40,Male,5+ years,Sedan,59602,54,25,1,0,0
1619,49,Female,5+ years,Hatchback,25014,132,29,1,0,0
1620,54,Female,<1 year,Hatchback,18273,39,19,1,0,1
1621,29,Male,5+ years,Sedan,52306,72,33,1,1,0
1622,66,Male,2-5 years,Sedan,45881,25,36,1,0,0
1623,30,Male,2-5 years,Hatchback,46486,77,14,1,0,1
1624,40,Male,<1 year,SUV,27541,160,14,1,0,0
1625,42,Female,2-5 years,SUV,23712,187,35,1,0,1
1626,52,Male,<1 year,SUV,24168,191,30,1,1,0
1627,58,Female,2-5 years,Hatchback,18551,166,28,1,1,0
1628,47,Female,<1 year,Sedan,27297,120,17,1,0,0
1629,34,Female,5+ years,Hatchback,58733,53,3,1,1,0
1630,66,Male,2-5 years,Sedan,42128,195,16,1,0,1
1631,37,Male,2-5 years,SUV,17832,156,46,1,0,0
1632,65,Male,<1 year,SUV,43483,131,30,1,0,0
1633,42,Male,<1 year,Sedan,37063,150,29,1,0,0
1634,39,Female,2-5 years,Sedan,37963,96,45,1,1,0
1635,30,Male,<1 year,Hatchback,28422,166,15,1,0,0
1636,36,Male,2-5 years,SUV,47920,72,46,1,0,0
1637,66,Female,5+ years,Hatchback,26156,62,25,1,0,0
1638,53,Male,<1 year,Hatchback,26108,185,38,1,0,0
1639,29,Female,2-5 years,Hatchback,46845,6,42,1,0,0
1640,58,Female,5+ years,SUV,17800,32,47,0,0,0
1641,36,Female,5+ years,Hatchback,53078,99,38,1,1,0
1642,29,Female,2-5 years,Hatchback,57712,138,23,1,0,1
1643,26,Female,<1 year,Hatchback,17610,131,25,1,0,0
1644,24,Female,2-5 years,Hatchback,27067,187,42,0,1,0
1645,45,Female,5+ years,Hatchback,48872,76,7,1,1,0
1646,31,Female,2-5 years,Hatchback,25728,177,22,1,0,0
1647,48,Male,<1 year,SUV,44566,59,17,1,1,0
1648,69,Male,5+ years,Hatchback,44783,31,18,1,0,0
1649,36,Male,2-5 years,Sedan,35583,93,49,1,0,0
1650,64,Male,<1 year,Hatchback,35238,69,41,1,0,0
1651,33,Female,5+ years,Hatchback,22263,190,10,1,1,0
1652,22,Male,<1 year,SUV,16914,52,10,1,0,0
1653,52,Female,5+ years,SUV,38749,89,7,1,0,0
1654,29,Male,2-5 years,Sedan,34456,127,48,1,0,0
1655,42,Male,<1 year,Sedan,40582,169,38,1,1,1
1656,69,Male,5+ years,SUV,15406,31,27,1,0,0
1657,38,Female,<1 year,SUV,28689,84,33,1,0,0
1658,53,Male,<1 year,Hatchback,47934,127,1,1,0,0
1659,40,Female,2-5 years,SUV,48276,150,44,1,1,1
1660,33,Female,<1 year,Sedan,51432,132,34,1,1,0
1661,56,Male,5+ years,Hatchback,34873,13,4,1,0,0
1662,62,Male,5+ years,Sedan,28050,45,17,1,0,0
1663,59,Male,5+ years,Hatchback,15680,127,4,1,1,0
1664,56,Female,5+ years,SUV,33908,170,43,1,0,0
1665,31,Male,2-5 years,Sedan,33504,114,26,1,1,0
1666,48,Female,<1 year,Hatchback,36644,177,4,1,1,1
1667,22,Female,2-5 years,Hatchback,52125,20,1,1,0,1
1668,52,Male,<1 year,SUV,16363,81,7,1,0,0
1669,40,Male,<1 year,SUV,57291,182,30,1,0,1
1670,46,Female,<1 year,SUV,50060,164,9,1,0,0
1671,60,Female,2-5 years,Sedan,16538,129,35,1,0,1
1672,28,Female,<1 year,Hatchback,51176,143,8,1,0,0
1673,35,Male,2-5 years,SUV,56520,17,24,1,0,0
1674,64,Female,5+ years,Sedan,40675,152,19,1,0,0
1675,29,Male,5+ years,Sedan,33287,58,36,1,0,1
1676,26,Female,<1 year,Sedan,15174,72,43,0,0,0
1677,27,Female,2-5 years,SUV,41732,109,27,1,1,1
1678,61,Male,5+ years,SUV,49998,23,32,1,0,1
1679,34,Female,2-5 years,Hatchback,52055,174,14,0,1,0
1680,55,Male,2-5 years,Hatchback,27112,72,18,1,0,0
1681,24,Male,<1 year,SUV,54874,8,28,1,0,0
1682,63,Female,5+ years,Sedan,24689,59,29,1,1,1
1683,30,Male,<1 year,Sedan,59814,111,16,1,0,0
1684,57,Male,<1 year,Sedan,34555,187,35,1,0,0
1685,59,Female,5+ years,Hatchback,48919,13,47,1,0,0
1686,26,Male,5+ years,Sedan,22619,167,31,1,0,0
1687,67,Male,2-5 years,Hatchback,21033,156,4,1,0,1
1688,44,Male,5+ years,Hatchback,56328,189,37,1,0,0
1689,19,Female,2-5 years,Sedan,19946,16,17,1,0,0
1690,22,Male,2-5 years,Sedan,39618,119,39,1,0,0
1691,46,Female,2-5 years,SUV,49675,2,48,1,0,0
1692,54,Female,5+ years,SUV,51258,145,46,1,0,0
1693,55,Male,<1 year,Sedan,33919,30,26,1,0,0
1694,36,Male,2-5 years,Hatchback,19173,103,48,1,0,0
1695,25,Male,<1 year,Hatchback,58833,13,39,1,1,0
1696,65,Female,<1 year,Hatchback,41400,96,41,1,0,0
1697,62,Male,5+ years,Hatchback,19769,94,4,0,0,0
1698,18,Male,<1 year,Hatchback,52564,82,30,1,0,0
1699,39,Male,<1 year,SUV,29211,13,30,1,1,0
1700,69,Male,5+ years,Sedan,38255,171,22,1,0,0
1701,34,Male,2-5 years,SUV,42962,94,11,1,1,0
1702,24,Female,<1 year,Hatchback,34356,149,2,1,0,0
1703,42,Female,5+ years,Hatchback,35306,112,44,1,0,0
1704,62,Male,<1 year,Hatchback,19997,55,12,1,1,1
1705,21,Male,<1 year,Hatchback,32376,81,30,0,0,0
1706,53,Male,2-5 years,Sedan,55880,168,36,1,0,0
1707,23,Male,<1 year,Hatchback,53055,116,18,1,1,0
1708,48,Female,5+ years,Sedan,25578,143,26,1,1,0
1709,36,Male,<1 year,Hatchback,33624,180,7,1,0,1
1710,61,Female,2-5 years,Sedan,54194,108,1,1,0,0
1711,56,Female,2-5 years,SUV,59367,53,26,1,1,1
1712,44,Male,5+ years,Hatchback,15389,128,23,1,0,1
1713,27,Female,2-5 years,Sedan,48767,180,26,1,1,1
1714,43,Female,<1 year,SUV,16855,158,45,1,0,1
1715,36,Female,2-5 years,Hatchback,55893,161,6,1,0,1
1716,56,Female,5+ years,Hatchback,28794,57,6,1,1,0
1717,20,Male,2-5 years,Hatchback,50531,52,44,1,0,1
1718,62,Male,2-5 years,Sedan,19986,137,8,1,0,0
1719,30,Female,2-5 years,Sedan,47298,182,24,1,0,0
1720,67,Male,5+ years,SUV,16481,111,22,1,0,1
1721,45,Male,2-5 years,Sedan,18731,1,19,1,0,0
1722,37,Male,2-5 years,Sedan,31835,44,37,1,1,1
1723,45,Male,<1 year,Hatchback,42798,75,18,1,0,1
1724,25,Male,5+ years,Hatchback,41113,98,31,1,0,0
1725,58,Female,2-5 years,Hatchback,34477,9,37,1,1,0
1726,56,Male,5+ years,Hatchback,32266,32,30,1,0,0
1727,18,Male,2-5 years,Hatchback,35792,15,42,1,0,0
1728,20,Male,2-5 years,Hatchback,35452,140,33,1,0,1
1729,30,Male,2-5 years,Hatchback,58526,185,10,1,1,1
1730,45,Female,<1 year,SUV,56334,136,37,1,0,0
1731,66,Female,<1 year,SUV,26889,72,12,0,0,0
1732,42,Female,<1 year,SUV,39335,155,30,1,0,0
1733,50,Female,5+ years,SUV,26254,190,27,1,0,0
1734,55,Male,5+ years,Hatchback,36074,12,39,1,0,0
1735,23,Female,<1 year,SUV,26442,65,9,1,0,0
1736,61,Male,5+ years,Hatchback,52327,107,21,1,0,0
1737,62,Male,2-5 years,SUV,31199,42,12,1,1,0
1738,49,Male,2-5 years,Sedan,22291,190,29,1,0,0
1739,62,Male,2-5 years,SUV,55928,115,33,1,0,1
1740,64,Male,<1 year,SUV,15112,139,43,1,0,0
1741,38,Female,5+ years,Hatchback,36515,103,15,1,0,0
1742,33,Female,<1 year,SUV,34581,171,2,1,0,0
1743,38,Female,5+ years,Sedan,41500,95,39,1,0,0
1744,28,Female,2-5 years,Hatchback,47026,17,44,1,0,0
1745,54,Male,<1 year,Hatchback,31523,160,18,1,1,0
1746,53,Female,5+ years,SUV,16424,85,3,1,0,0
1747,52,Male,5+ years,Hatchback,34552,168,7,1,0,0
1748,36,Female,2-5 years,Hatchback,25808,151,43,1,0,0
1749,37,Male,<1 year,Hatchback,53811,56,18,1,0,0
1750,35,Male,<1 year,Hatchback,21989,134,44,1,0,0
1751,64,Female,<1 year,Hatchback,38620,86,38,1,0,0
1752,58,Male,2-5 years,Hatchback,54029,178,37,1,0,0
1753,66,Male,<1 year,Sedan,15887,102,33,1,1,1
1754,31,Female,2-5 years,SUV,46802,165,44,1,0,0
1755,32,Male,2-5 years,Sedan,34488,192,31,1,0,0
1756,48,Female,2-5 years,Hatchback,45013,54,11,1,0,0
1757,18,Female,5+ years,Hatchback,31402,177,4,1,0,0
1758,20,Female,<1 year,SUV,36205,115,18,1,0,0
1759,33,Male,<1 year,Sedan,41049,139,4,1,1,0
1760,40,Male,2-5 years,SUV,27253,88,49,0,0,0
1761,28,Male,2-5 years,Sedan,33990,49,34,1,1,0
1762,29,Female,<1 year,Hatchback,22846,149,29,1,1,0
1763,27,Male,2-5 years,SUV,40027,115,24,1,0,0
1764,49,Female,<1 year,SUV,54200,194,22,1,0,0
1765,33,Female,5+ years,Hatchback,18765,63,2,1,0,1
1766,25,Male,2-5 years,SUV,30950,104,44,1,0,0
1767,55,Female,<1 year,Sedan,24741,83,6,1,1,0
1768,29,Male,2-5 years,Sedan,37742,103,42,1,0,0
1769,41,Male,<1 year,Sedan,39703,156,25,1,1,0
1770,45,Male,<1 year,Sedan,53709,17,21,1,0,0
1771,25,Male,2-5 years,Hatchback,52623,6,16,1,1,1
1772,45,Male,5+ years,SUV,37931,147,31,1,1,0
1773,53,Female,<1 year,Sedan,38580,184,14,1,0,1
1774,43,Female,<1 year,Hatchback,30166,28,39,1,0,0
1775,25,Female,<1 year,SUV,44240,194,28,1,0,0
1776,67,Male,5+ years,SUV,40991,38,32,1,1,1
1777,45,Male,5+ years,Hatchback,53556,119,28,1,1,0
1778,45,Male,2-5 years,Hatchback,47969,37,49,0,1,0
1779,54,Female,5+ years,Sedan,25561,115,9,1,0,0
1780,58,Male,2-5 years,SUV,31901,68,45,1,0,0
1781,53,Female,2-5 years,SUV,55505,177,22,1,1,0
1782,44,Female,5+ years,Hatchback,45020,43,32,0,0,0
1783,34,Male,2-5 years,SUV,40917,164,5,1,1,0
1784,26,Male,5+ years,Sedan,16988,58,23,1,0,0
1785,50,Female,2-5 years,SUV,59505,13,5,1,0,0
1786,37,Male,5+ years,Hatchback,29256,52,42,1,0,1
1787,30,Female,5+ years,Hatchback,37192,58,32,1,0,0
1788,45,Male,2-5 years,Sedan,43230,32,10,1,0,0
1789,65,Male,<1 year,Sedan,54930,105,39,1,0,1
1790,46,Female,2-5 years,SUV,37625,188,15,1,0,0
1791,30,Male,5+ years,SUV,47088,83,7,1,0,1
1792,63,Female,<1 year,Hatchback,29114,186,29,1,0,0
1793,52,Male,2-5 years,Sedan,56167,99,47,1,1,0
1794,23,Female,2-5 years,Sedan,53401,104,3,1,1,0
1795,35,Female,2-5 years,Sedan,20755,184,19,1,1,0
1796,68,Male,<1 year,SUV,25825,28,10,0,1,0
1797,22,Female,5+ years,Sedan,37693,129,28,0,0,1
1798,64,Male,2-5 years,Hatchback,19117,170,29,1,0,1
1799,42,Male,2-5 years,Hatchback,39729,48,15,1,0,1
1800,19,Male,2-5 years,SUV,47182,40,35,1,1,0
1801,27,Female,2-5 years,SUV,43890,97,6,1,0,1
1802,47,Female,2-5 years,Sedan,44340,191,12,1,0,0
1803,67,Male,5+ years,SUV,16518,114,47,1,1,0
1804,62,Male,5+ years,Hatchback,45949,132,38,1,0,0
1805,22,Female,2-5 years,Sedan,37547,166,13,1,0,0
1806,50,Male,<1 year,Hatchback,31346,155,29,1,0,0
1807,18,Male,5+ years,Sedan,17600,137,19,1,0,0
1808,35,Female,<1 year,SUV,44267,111,3,1,0,0
1809,49,Male,5+ years,Sedan,51322,144,8,1,0,1
1810,64,Female,2-5 years,Sedan,41990,184,8,1,0,0
1811,66,Male,5+ years,Hatchback,31193,76,20,1,0,0
1812,28,Female,2-5 years,Hatchback,45109,31,47,1,1,0
1813,38,Male,5+ years,Sedan,34233,119,4,1,1,1
1814,43,Male,2-5 years,SUV,31194,142,21,1,0,0
1815,42,Female,2-5 years,SUV,49510,25,3,1,1,1
1816,39,Male,2-5 years,Hatchback,16306,34,45,1,0,1
1817,44,Female,2-5 years,SUV,18849,67,8,1,0,1
1818,66,Male,<1 year,Hatchback,27360,152,23,1,0,0
1819,30,Female,2-5 years,SUV,44231,118,16,1,0,0
1820,50,Female,<1 year,Sedan,51963,73,13,1,0,0
1821,51,Female,<1 year,Hatchback,33689,26,3,1,0,0
1822,58,Female,2-5 years,Hatchback,44084,148,48,1,0,0
1823,52,Male,<1 year,Sedan,55387,192,9,1,1,0
1824,18,Male,5+ years,Hatchback,24280,104,14,1,0,1
1825,38,Female,2-5 years,SUV,17642,10,13,1,0,0
1826,65,Female,<1 year,SUV,57137,67,7,1,0,0
1827,23,Female,2-5 years,Hatchback,29296,152,15,1,0,1
1828,45,Male,2-5 years,SUV,30438,5,7,1,0,0
1829,34,Male,2-5 years,Hatchback,52525,195,38,1,0,0
1830,22,Male,<1 year,Sedan,17994,186,34,1,0,0
1831,48,Male,5+ years,Hatchback,49039,27,41,1,1,1
1832,22,Female,5+ years,Sedan,16813,113,22,1,0,1
1833,55,Female,<1 year,SUV,42491,15,24,1,1,0
1834,20,Female,2-5 years,Sedan,33845,163,49,1,0,0
1835,40,Male,<1 year,SUV,56243,105,37,1,0,0
1836,54,Male,<1 year,Hatchback,52164,181,44,1,0,0
1837,54,Male,<1 year,SUV,57051,44,1,1,0,0
1838,27,Female,2-5 years,Hatchback,28318,26,10,1,0,1
1839,27,Female,<1 year,Hatchback,32200,175,43,1,0,0
1840,36,Male,2-5 years,Sedan,15082,162,16,1,1,0
1841,34,Female,<1 year,Sedan,16920,95,46,1,1,0
1842,38,Male,5+ years,Sedan,55585,178,8,1,0,0
1843,31,Male,<1 year,Sedan,26683,84,49,1,0,0
1844,26,Female,<1 year,SUV,26336,140,25,1,0,0
1845,63,Male,5+ years,SUV,30596,132,12,1,0,0
1846,18,Female,2-5 years,SUV,17093,87,25,1,1,0
1847,68,Male,2-5 years,Hatchback,27905,176,17,1,1,1
1848,62,Female,<1 year,SUV,39351,183,26,1,1,0
1849,30,Female,5+ years,SUV,45981,112,46,0,0,0
1850,21,Female,2-5 years,SUV,23367,129,48,1,0,1
1851,18,Male,<1 year,Sedan,20285,89,14,1,0,0
1852,66,Male,5+ years,SUV,58664,66,41,1,1,0
1853,57,Female,2-5 years,Hatchback,52705,158,36,1,0,1
1854,49,Female,2-5 years,Sedan,31753,131,23,1,0,1
1855,51,Male,5+ years,Hatchback,33485,122,43,1,0,0
1856,45,Male,5+ years,SUV,27977,149,6,1,1,0
1857,48,Male,5+ years,Sedan,34874,84,47,1,0,1
1858,25,Female,5+ years,Hatchback,22674,177,5,1,0,1
1859,56,Male,<1 year,SUV,44038,116,43,1,1,1
1860,43,Male,5+ years,Hatchback,44315,190,25,1,1,0
1861,51,Female,2-5 years,Hatchback,18676,116,18,1,0,0
1862,20,Male,2-5 years,Hatchback,17426,38,13,1,0,0
1863,67,Male,<1 year,SUV,39473,143,43,1,1,1
1864,29,Male,2-5 years,SUV,17962,110,14,1,1,0
1865,18,Female,2-5 years,Hatchback,44943,180,28,1,0,0
1866,61,Female,5+ years,Sedan,15859,46,18,1,0,0
1867,22,Female,2-5 years,Sedan,59816,25,28,1,0,1
1868,47,Female,<1 year,SUV,19138,21,27,1,1,0
1869,47,Female,5+ years,SUV,50192,121,32,1,0,1
1870,34,Female,5+ years,SUV,40640,122,47,1,0,1
1871,65,Female,<1 year,SUV,25409,133,9,1,0,0
1872,64,Male,5+ years,SUV,19017,70,40,0,1,0
1873,40,Male,5+ years,Sedan,25451,113,32,1,0,0
1874,32,Female,<1 year,SUV,43327,107,20,0,0,0
1875,54,Male,5+ years,Hatchback,25278,112,28,1,0,0
1876,38,Male,<1 year,Hatchback,39944,108,33,0,0,0
1877,31,Female,<1 year,Sedan,58764,47,4,1,0,0
1878,19,Male,2-5 years,Hatchback,16134,196,46,1,1,0
1879,28,Male,2-5 years,Sedan,45131,91,34,1,0,0
1880,68,Male,5+ years,Sedan,52887,18,48,1,1,0
1881,56,Male,5+ years,Hatchback,53462,149,3,1,0,0
1882,55,Male,<1 year,SUV,37520,104,26,1,0,0
1883,51,Female,5+ years,Hatchback,36869,151,8,1,0,0
1884,55,Female,<1 year,Hatchback,51932,192,6,1,0,0
1885,67,Female,<1 year,Sedan,20039,195,16,1,0,0
1886,51,Male,5+ years,Hatchback,36281,40,24,1,1,1
1887,35,Female,<1 year,Sedan,25442,138,48,1,1,0
1888,47,Male,2-5 years,SUV,23252,89,39,1,0,0
1889,32,Male,5+ years,SUV,42586,180,30,1,1,0
1890,44,Male,2-5 years,SUV,32568,61,45,1,0,0
1891,68,Male,5+ years,Hatchback,35810,192,13,1,1,0
1892,51,Female,<1 year,Sedan,16551,5,5,1,0,1
1893,69,Female,5+ years,SUV,27625,122,25,1,0,0
1894,55,Male,2-5 years,Sedan,49397,181,20,1,1,1
1895,50,Female,<1 year,Sedan,41249,55,18,1,0,0
1896,41,Male,5+ years,SUV,16361,37,47,1,0,0
1897,32,Female,5+ years,SUV,41149,56,18,1,0,0
1898,47,Female,5+ years,Sedan,19370,187,2,1,0,0
1899,59,Male,2-5 years,SUV,20283,102,10,1,1,0
1900,68,Female,2-5 years,Sedan,22610,93,45,1,0,0
1901,34,Male,5+ years,Sedan,58326,197,47,1,1,1
1902,22,Female,<1 year,SUV,29924,73,12,1,0,0
1903,46,Male,<1 year,Hatchback,59717,59,47,1,0,0
1904,21,Male,2-5 years,SUV,25626,2,13,1,1,1
1905,27,Female,<1 year,Hatchback,49761,193,47,1,0,1
1906,34,Female,2-5 years,Sedan,15869,104,11,1,1,0
1907,27,Male,5+ years,Sedan,46552,188,19,1,0,1
1908,34,Female,2-5 years,Hatchback,16014,51,35,1,0,1
1909,37,Female,2-5 years,Sedan,25103,30,39,1,0,0
1910,41,Male,5+ years,Hatchback,31986,11,26,1,0,0
1911,22,Male,<1 year,Hatchback,59781,108,46,1,0,0
1912,51,Female,2-5 years,Sedan,45471,76,14,1,1,0
1913,23,Male,2-5 years,Hatchback,48458,167,45,1,0,0
1914,19,Male,5+ years,SUV,40069,90,44,1,0,0
1915,30,Male,<1 year,SUV,31873,123,24,1,0,0
1916,60,Female,2-5 years,Sedan,38248,191,41,1,0,0
1917,60,Female,5+ years,Sedan,38624,192,1,1,0,1
1918,65,Male,2-5 years,Hatchback,58516,189,43,1,1,1
1919,28,Female,5+ years,Hatchback,44061,125,22,1,1,0
1920,68,Male,<1 year,Hatchback,39170,182,23,0,1,0
1921,64,Female,<1 year,Hatchback,23024,122,19,1,1,0
1922,40,Male,<1 year,SUV,31678,94,18,1,0,0
1923,33,Male,<1 year,SUV,53256,103,12,0,1,0
1924,48,Female,2-5 years,Sedan,35411,186,28,1,0,0
1925,28,Male,2-5 years,Hatchback,58803,184,28,1,0,1
1926,33,Female,<1 year,Hatchback,34296,162,33,1,0,0
1927,25,Female,<1 year,Sedan,41293,31,19,1,0,0
1928,21,Male,<1 year,Hatchback,42172,52,28,1,1,0
1929,57,Male,2-5 years,Hatchback,36128,89,49,1,0,0
1930,21,Female,<1 year,Hatchback,33257,76,37,1,1,0
1931,42,Male,<1 year,Hatchback,27855,129,26,0,0,1
1932,20,Male,<1 year,Hatchback,34642,183,35,1,0,0
1933,49,Male,5+ years,Sedan,50585,22,34,1,1,0
1934,20,Male,<1 year,Hatchback,35025,40,35,1,0,0
1935,44,Male,5+ years,Sedan,19458,101,40,0,0,0
1936,46,Female,5+ years,Hatchback,20307,111,16,1,0,0
1937,49,Female,<1 year,SUV,56701,129,38,1,0,0
1938,67,Male,5+ years,SUV,33425,65,13,1,0,0
1939,68,Male,<1 year,SUV,58427,191,23,1,0,0
1940,36,Male,2-5 years,SUV,43273,182,22,1,1,0
1941,38,Female,2-5 years,Sedan,53506,170,16,1,1,0
1942,22,Male,2-5 years,Sedan,20668,149,28,1,1,0
1943,35,Female,2-5 years,Hatchback,40934,79,48,1,1,0
1944,45,Female,5+ years,SUV,22697,22,35,1,0,0
1945,59,Female,<1 year,Sedan,39417,166,45,1,0,0
1946,39,Male,<1 year,Hatchback,31446,99,46,1,0,0
1947,38,Female,<1 year,Hatchback,55597,8,8,1,0,0
1948,23,Male,2-5 years,Sedan,25751,190,44,1,1,0
1949,18,Female,2-5 years,SUV,22352,175,22,1,0,1
1950,22,Male,<1 year,Hatchback,28516,17,21,1,0,0
1951,58,Female,2-5 years,SUV,38299,17,26,1,0,0
1952,29,Male,<1 year,SUV,46957,90,40,1,0,0
1953,43,Female,<1 year,SUV,43927,141,21,1,0,1
1954,63,Male,<1 year,Hatchback,56094,145,25,1,0,0
1955,51,Male,<1 year,SUV,51412,166,41,1,0,0
1956,66,Male,<1 year,Hatchback,44493,81,1,1,0,1
1957,31,Male,<1 year,SUV,41711,78,6,0,0,1
1958,43,Female,<1 year,Hatchback,23003,173,23,1,0,0
1959,62,Female,2-5 years,SUV,46707,6,23,1,1,0
1960,44,Male,<1 year,Sedan,18278,163,43,1,0,1
1961,26,Female,<1 year,SUV,22296,110,43,1,0,0
1962,43,Male,2-5 years,SUV,40398,14,23,1,1,0
1963,64,Male,2-5 years,Hatchback,50842,72,32,1,0,0
1964,39,Female,2-5 years,Hatchback,28261,189,30,1,1,0
1965,64,Male,<1 year,SUV,26173,143,13,1,1,0
1966,47,Male,5+ years,Sedan,45449,54,43,1,0,0
1967,60,Female,5+ years,Sedan,56080,27,18,1,1,1
1968,65,Male,2-5 years,Hatchback,16637,13,23,1,1,0
1969,34,Male,5+ years,Sedan,46781,159,15,1,0,0
1970,43,Male,2-5 years,SUV,28652,163,33,1,0,0
1971,53,Male,<1 year,Hatchback,20103,60,21,0,1,1
1972,18,Female,5+ years,SUV,40500,6,39,1,1,0
1973,25,Female,<1 year,Hatchback,49800,197,23,1,0,0
1974,66,Female,5+ years,Hatchback,50529,58,27,1,0,0
1975,52,Male,<1 year,Hatchback,33452,49,45,1,1,0
1976,69,Male,5+ years,Hatchback,46174,151,44,1,0,1
1977,32,Female,<1 year,Sedan,50436,162,18,1,0,0
1978,64,Male,<1 year,SUV,30954,26,24,1,1,0
1979,39,Male,5+ years,SUV,32186,47,47,1,0,0
1980,31,Male,<1 year,SUV,27356,5,40,1,0,0
1981,43,Male,<1 year,Hatchback,47963,20,42,1,1,0
1982,45,Female,<1 year,Sedan,17187,134,7,1,1,0
1983,40,Female,5+ years,SUV,26707,198,48,1,0,0
1984,31,Female,5+ years,Sedan,50098,59,20,1,0,0
1985,41,Male,<1 year,Hatchback,41935,192,27,1,0,0
1986,19,Female,<1 year,SUV,36225,146,6,1,1,0
1987,62,Female,5+ years,Sedan,18606,132,27,1,0,0
1988,43,Male,5+ years,Hatchback,47828,17,9,1,0,0
1989,31,Male,<1 year,Sedan,41489,14,45,1,0,0
1990,68,Female,<1 year,SUV,29387,13,31,1,1,0
1991,24,Female,<1 year,SUV,18927,135,21,1,0,1
1992,20,Female,2-5 years,Hatchback,21296,128,26,1,0,1
1993,64,Female,5+ years,Hatchback,45444,44,40,1,0,0
1994,40,Male,2-5 years,Hatchback,17591,119,48,1,1,1
1995,63,Female,5+ years,Sedan,59895,143,45,1,0,1
1996,60,Female,5+ years,Sedan,41147,19,13,0,0,1
1997,64,Male,5+ years,Sedan,53889,63,49,1,0,0
1998,62,Female,5+ years,Hatchback,16200,163,23,1,1,0
1999,35,Male,5+ years,SUV,30721,81,20,1,0,0
2000,55,Male,5+ years,SUV,34238,163,37,1,0,0
